stop_loss_dd_pct,cooldown_days,sharpe_ratio,ann_return_pct,max_drawdown_pct,calmar_ratio,stop_triggers,days_in_cash_pct,is_baseline
-6.0,1,0.939,22.51,-21.44,1.05,32,15.29,False
-6.0,2,0.957,22.79,-21.42,1.06,32,15.52,False
-6.0,3,1.004,23.47,-20.91,1.12,31,16.65,False
-6.0,5,0.968,22.76,-20.9,1.09,31,16.96,False
-6.0,7,0.954,22.37,-21.67,1.03,30,18.2,False
-6.0,10,0.918,21.45,-17.41,1.23,29,20.05,False
-6.0,15,0.811,19.29,-15.86,1.22,29,22.69,False
-6.0,20,0.811,19.09,-15.72,1.21,28,24.78,False
-8.0,1,0.908,22.59,-23.12,0.98,21,10.88,False
-8.0,2,0.908,22.59,-23.12,0.98,21,10.88,False
-8.0,3,0.912,22.66,-23.12,0.98,21,10.92,False
-8.0,5,0.881,22.05,-23.11,0.95,21,11.15,False
-8.0,7,0.817,20.77,-23.86,0.87,21,11.54,False
-8.0,10,0.786,20.12,-24.65,0.82,21,12.23,False
-8.0,15,0.746,19.2,-27.04,0.71,21,14.13,False
-8.0,20,0.754,19.21,-27.38,0.7,20,17.0,False
-10.0,1,0.837,22.0,-25.2,0.87,15,6.7,False
-10.0,2,0.841,22.07,-25.2,0.88,15,6.74,False
-10.0,3,0.831,21.86,-25.2,0.87,15,6.85,False
-10.0,5,0.788,20.97,-25.2,0.83,15,7.12,False
-10.0,7,0.777,20.71,-25.2,0.82,15,7.7,False
-10.0,10,0.76,20.35,-25.2,0.81,15,8.36,False
-10.0,15,0.749,20.0,-24.65,0.81,14,9.79,False
-10.0,20,0.711,19.07,-24.2,0.79,13,11.15,False
-12.0,1,0.892,23.62,-25.02,0.94,8,3.95,False
-12.0,2,0.892,23.62,-25.02,0.94,8,3.95,False
-12.0,3,0.895,23.68,-25.02,0.95,8,3.99,False
-12.0,5,0.872,23.19,-25.02,0.93,8,4.1,True
-12.0,7,0.893,23.6,-24.38,0.97,8,4.37,False
-12.0,10,0.881,23.34,-24.58,0.95,8,4.61,False
-12.0,15,0.818,21.97,-26.02,0.84,8,5.38,False
-12.0,20,0.821,21.95,-25.94,0.85,8,6.5,False
-14.000000000000002,1,0.882,23.59,-24.43,0.97,6,2.48,False
-14.000000000000002,2,0.882,23.59,-24.43,0.97,6,2.48,False
-14.000000000000002,3,0.883,23.61,-24.43,0.97,6,2.56,False
-14.000000000000002,5,0.852,22.93,-24.43,0.94,6,2.71,False
-14.000000000000002,7,0.836,22.58,-24.43,0.92,6,2.86,False
-14.000000000000002,10,0.859,22.9,-21.73,1.05,6,3.91,False
-14.000000000000002,15,0.86,22.9,-22.79,1.0,6,4.45,False
-14.000000000000002,20,0.823,22.09,-22.13,1.0,6,5.23,False
-16.0,1,0.835,22.8,-23.78,0.96,5,1.86,False
-16.0,2,0.838,22.87,-23.78,0.96,5,1.9,False
-16.0,3,0.832,22.74,-23.78,0.96,5,1.94,False
-16.0,5,0.812,22.31,-24.6,0.91,5,2.09,False
-16.0,7,0.808,22.22,-24.72,0.9,5,2.28,False
-16.0,10,0.805,22.16,-24.06,0.92,5,2.63,False
-16.0,15,0.872,23.39,-23.78,0.98,5,3.76,False
-16.0,20,0.854,22.93,-24.73,0.93,5,4.41,False
-18.0,1,0.879,23.78,-25.61,0.93,3,1.94,False
-18.0,2,0.879,23.78,-25.61,0.93,3,1.94,False
-18.0,3,0.879,23.78,-25.61,0.93,3,1.94,False
-18.0,5,0.879,23.78,-25.61,0.93,3,1.94,False
-18.0,7,0.879,23.78,-25.61,0.93,3,1.94,False
-18.0,10,0.879,23.78,-25.61,0.93,3,1.94,False
-18.0,15,0.883,23.87,-25.07,0.95,3,1.97,False
-18.0,20,0.851,23.13,-25.25,0.92,3,2.44,False
-20.0,1,0.858,23.42,-23.69,0.99,3,2.05,False
-20.0,2,0.858,23.42,-23.69,0.99,3,2.05,False
-20.0,3,0.858,23.42,-23.69,0.99,3,2.05,False
-20.0,5,0.858,23.42,-23.69,0.99,3,2.05,False
-20.0,7,0.858,23.42,-23.69,0.99,3,2.05,False
-20.0,10,0.858,23.42,-23.69,0.99,3,2.05,False
-20.0,15,0.845,23.12,-23.69,0.98,3,2.17,False
-20.0,20,0.825,22.67,-23.69,0.96,3,2.44,False
-25.0,1,0.797,22.64,-25.13,0.9,1,0.62,False
-25.0,2,0.797,22.64,-25.13,0.9,1,0.62,False
-25.0,3,0.797,22.64,-25.13,0.9,1,0.62,False
-25.0,5,0.797,22.64,-25.13,0.9,1,0.62,False
-25.0,7,0.797,22.64,-25.13,0.9,1,0.62,False
-25.0,10,0.797,22.64,-25.13,0.9,1,0.62,False
-25.0,15,0.797,22.64,-25.13,0.9,1,0.62,False
-25.0,20,0.781,22.26,-27.45,0.81,1,0.81,False
