Date,Regime,Rebalanced,NAV,Cash,Equity,Drawdown,In_Cash,NIFTY,MA_Filter,EMA_10,SMA_Filter,SMA_150,SMA_200,VIX,Bull,Bear,HighVol,Sideways,Realized_Gains,Unrealized_Gains,Total_Charges,Day_Charges,BANKBEES_units,BANKBEES_value,BANKBEES_price,BANKBEES_cost_basis,BANKBEES_pnl,ITBEES_units,ITBEES_value,ITBEES_price,ITBEES_cost_basis,ITBEES_pnl,PHARMABEES_units,PHARMABEES_value,PHARMABEES_price,PHARMABEES_cost_basis,PHARMABEES_pnl,AUTOBEES_units,AUTOBEES_value,AUTOBEES_price,AUTOBEES_cost_basis,AUTOBEES_pnl,METALIETF_units,METALIETF_value,METALIETF_price,METALIETF_cost_basis,METALIETF_pnl,MOREALTY_units,MOREALTY_value,MOREALTY_price,MOREALTY_cost_basis,MOREALTY_pnl,CPSEETF_units,CPSEETF_value,CPSEETF_price,CPSEETF_cost_basis,CPSEETF_pnl,INFRABEES_units,INFRABEES_value,INFRABEES_price,INFRABEES_cost_basis,INFRABEES_pnl,Daily_Return,Cumulative_Return,NIFTY_Rebased
2026-09-15,Sideways,True,998316.6171046781,2.6928016232850496,998313.9243030548,-0.0016833828953219344,False,23118.599609375,23920.34755859375,23599.968471240823,23920.34755859375,24099.985325520833,24535.336787109376,13.430000305175781,0.0,8.496988906847615e-05,4.343732549452261e-07,0.9999145957376766,0.0,-1683.3828953218963,1683.3828953218429,1683.3828953218429,0,0.0,579.3300170898438,0.0,0.0,12144,399173.2670288086,32.869998931884766,32.925425178703684,-673.0963413689395,7423,199975.6239643097,26.940000534057617,26.98542746339816,-337.20409649485185,0,0.0,278.30999755859375,0.0,0.0,0,0.0,12.770000457763672,0.0,0.0,4846,399165.0333099365,82.37000274658203,82.5088971868334,-673.0824574581051,0,0.0,92.04000091552734,0.0,0.0,0,0.0,925.8499755859375,0.0,0.0,0.0,-0.16833828953218832,988054.5854293221
2026-09-16,Sideways,False,994570.209551959,2.6928016232850496,994567.5167503357,-0.005429790448041051,False,23217.599609375,23873.48251953125,23530.44685999249,23873.48251953125,24083.817317708334,24521.62728515625,13.170000076293945,0.0,5.908251860101776e-05,7.804886348677769e-07,0.9999401369927641,0.0,-5429.7904480410125,1683.3828953218429,0.0,0,0.0,582.6799926757812,0.0,0.0,12144,392251.1907348633,32.29999923706055,32.925425178703684,-7595.172635314252,7423,200049.85566329956,26.950000762939453,26.98542746339816,-262.9723975049837,0,0.0,279.3500061035156,0.0,0.0,0,0.0,12.850000381469727,0.0,0.0,4846,402266.47035217285,83.01000213623047,82.5088971868334,2428.354584778223,0,0.0,92.31999969482422,0.0,0.0,0,0.0,926.010009765625,0.0,0.0,-0.0037527248255012635,-0.5429790448041039,992285.6982826212
2026-09-17,Sideways,False,1002777.2225257443,2.6928016232850496,1002774.5297241211,0.0,False,23270.599609375,23833.0974609375,23483.201905334765,23833.0974609375,24067.6633203125,24508.556279296874,12.289999961853027,0.0,5.254670186020584e-05,1.634341702251212e-06,0.9999458189564375,0.0,2777.222525744388,1683.3828953218429,0.0,0,0.0,581.6400146484375,0.0,0.0,12144,393344.1525878906,32.38999938964844,32.925425178703684,-6502.210782286908,7423,203093.28453063965,27.360000610351562,26.98542746339816,2780.456469835104,0,0.0,282.3999938964844,0.0,0.0,0,0.0,12.970000267028809,0.0,0.0,4846,406337.0926055908,83.8499984741211,82.5088971868334,6498.976838196192,0,0.0,92.29000091552734,0.0,0.0,0,0.0,928.6300048828125,0.0,0.0,0.008251818619705586,0.2777222525744305,994550.8395071147
2026-09-18,Sideways,False,1005232.9630195188,2.6928016232850496,1005230.2702178955,0.0,False,23346.400390625,23788.825,23458.32890266026,23788.825,24050.857317708334,24494.26177734375,11.390000343322754,0.0,5.128345582521669e-05,1.9477894391373935e-06,0.9999467687547356,0.0,5232.963019518802,1683.3828953218429,0.0,0,0.0,583.5800170898438,0.0,0.0,12144,387879.3664855957,31.940000534057617,32.925425178703684,-11966.99688458183,7423,204132.5,27.5,26.98542746339816,3819.6719391954557,0,0.0,282.7099914550781,0.0,0.0,0,0.0,13.079999923706055,0.0,0.0,4846,413218.4037322998,85.2699966430664,82.5088971868334,13380.287964905176,0,0.0,92.58000183105469,0.0,0.0,0,0.0,935.6199951171875,0.0,0.0,0.0024489392445403713,0.5232963019518699,997790.4522327408
2026-09-21,Sideways,False,1011190.3489238309,2.6928016232850496,1011187.6561222076,0.0,False,23414.30078125,23746.9400390625,23450.323789676575,23746.9400390625,24034.051653645834,24480.25552734375,11.25,0.0,4.8704634231582115e-05,2.225045791121492e-06,0.9999490703199773,0.0,11190.348923830936,1683.3828953218429,0.0,0,0.0,585.2899780273438,0.0,0.0,12144,390065.2670288086,32.119998931884766,32.925425178703684,-9781.096341368939,7423,206062.48169898987,27.760000228881836,26.98542746339816,5749.653638185324,0,0.0,281.25,0.0,0.0,0,0.0,13.050000190734863,0.0,0.0,4846,415059.9073944092,85.6500015258789,82.5088971868334,15221.79162701455,0,0.0,92.72000122070312,0.0,0.0,0,0.0,936.2899780273438,0.0,0.0,0.005926373411410335,1.1190348923830973,1000692.4140056446
2026-09-22,Sideways,False,1008429.9094993161,2.6928016232850496,1008427.2166976929,-0.0027298909917925886,False,23329.0,23702.4375,23428.264918826288,23702.4375,24016.55265625,24465.88578125,11.0,0.0,6.477061230638083e-05,2.0523101764796886e-06,0.9999331770775172,0.0,8429.909499316165,1683.3828953218429,0.0,0,0.0,583.52001953125,0.0,0.0,12144,385814.88555908203,31.770000457763672,32.925425178703684,-14031.477811095501,7423,205468.64226531982,27.68000030517578,26.98542746339816,5155.81420451528,0,0.0,280.1199951171875,0.0,0.0,0,0.0,13.050000190734863,0.0,0.0,4846,417143.688873291,86.08000183105469,82.5088971868334,17305.573105896387,0,0.0,92.94000244140625,0.0,0.0,0,0.0,931.6400146484375,0.0,0.0,-0.0027298909917925496,0.8429909499316102,997046.7854001564
2026-09-23,Sideways,False,1011966.8595801877,2.6928016232850496,1011964.1667785645,0.0,False,23446.80078125,23658.05,23431.6350756306,23658.05,24000.816666666666,24452.24103515625,10.350000381469727,0.0,5.9700817509351915e-05,1.6401733602378031e-06,0.9999386590091304,0.0,11966.859580187747,1683.3828953218429,0.0,0,0.0,585.5700073242188,0.0,0.0,12144,382171.67166137695,31.469999313354492,32.925425178703684,-17674.69170880058,7423,207027.46546936035,27.889999389648438,26.98542746339816,6714.637408555807,0,0.0,280.5400085449219,0.0,0.0,0,0.0,13.34000015258789,0.0,0.0,4846,422765.02964782715,87.23999786376953,82.5088971868334,22926.91388043252,0,0.0,93.19999694824219,0.0,0.0,0,0.0,931.6400146484375,0.0,0.0,0.0035073831582679293,1.1966859580187617,1002081.4156999096
2026-09-24,Sideways,False,1006230.3819533872,2.6928016232850496,1006227.6891517639,-0.005668641786530739,False,23063.099609375,23600.81748046875,23364.62862722049,23600.81748046875,23984.763333333332,24437.395537109376,12.6899995803833,0.0,7.555061957802958e-05,8.282961470502827e-07,0.9999236210842749,0.0,6230.38195338721,1683.3828953218429,0.0,0,0.0,575.8800048828125,0.0,0.0,12144,380350.0762939453,31.31999969482422,32.925425178703684,-19496.28707623222,7423,206359.39433670044,27.799999237060547,26.98542746339816,6046.566275895895,0,0.0,277.20001220703125,0.0,0.0,0,0.0,13.109999656677246,0.0,0.0,4846,419518.21852111816,86.56999969482422,82.5088971868334,19680.102753723535,0,0.0,92.72000122070312,0.0,0.0,0,0.0,931.6400146484375,0.0,0.0,-0.005668641786530704,0.6230381953387099,985682.5979206545
2026-09-25,Sideways,False,1008410.4963943051,2.6928016232850496,1008407.8035926819,-0.00351430795605097,False,23140.5,23553.3,23323.877967725854,23553.3,23967.815,24423.168037109375,12.15999984741211,0.0,6.365057746993396e-05,1.211915017600368e-06,0.9999351375075125,0.0,8410.496394305179,1683.3828953218429,0.0,0,0.0,576.3300170898438,0.0,0.0,12144,380107.1907348633,31.299999237060547,32.925425178703684,-19739.17263531425,7423,206359.39433670044,27.799999237060547,26.98542746339816,6046.566275895895,0,0.0,278.510009765625,0.0,0.0,0,0.0,13.180000305175781,0.0,0.0,4846,421941.21852111816,87.06999969482422,82.5088971868334,22103.102753723535,0,0.0,93.04000091552734,0.0,0.0,0,0.0,931.6400146484375,0.0,0.0,0.0021666155981949764,0.8410496394305245,988990.5755734202
2026-09-28,Sideways,False,997346.8721515225,2.6928016232850496,997344.1793498993,-0.014447100999661424,False,22780.25,23483.52998046875,23225.036519048423,23483.52998046875,23948.1806640625,24406.900537109374,13.640000343322754,0.0,0.00015700397762992497,2.7768227259709535e-07,0.9998427183400975,0.0,-2653.127848477414,1683.3828953218429,0.0,0,0.0,565.3200073242188,0.0,0.0,12144,379257.11444091797,31.229999542236328,32.925425178703684,-20589.248929259564,7423,204577.8760356903,27.559999465942383,26.98542746339816,4265.047974885763,0,0.0,274.29998779296875,0.0,0.0,0,0.0,12.90999984741211,0.0,0.0,4846,413509.188873291,85.33000183105469,82.5088971868334,13671.073105896387,0,0.0,91.4000015258789,0.0,0.0,0,0.0,931.6400146484375,0.0,0.0,-0.010971349745309,-0.2653127848477488,973594.026023915
2026-09-29,Sideways,False,989858.5306846189,2.6928016232850496,989855.8378829956,-0.021846890227947228,False,22716.19921875,23415.319921875,23132.52064626689,23415.319921875,23927.492994791668,24389.549287109374,13.40999984741211,0.0,0.0001726827592417573,3.2997799423025264e-07,0.999826987262764,0.0,-10141.469315381102,1683.3828953218429,0.0,0,0.0,564.4199829101562,0.0,0.0,12144,374035.1907348633,30.799999237060547,32.925425178703684,-25811.17263531425,7423,206285.17679595947,27.790000915527344,26.98542746339816,5972.348735154928,0,0.0,272.7200012207031,0.0,0.0,0,0.0,13.020000457763672,0.0,0.0,4846,409535.47035217285,84.51000213623047,82.5088971868334,9697.354584778222,0,0.0,91.36000061035156,0.0,0.0,0,0.0,931.6400146484375,0.0,0.0,-0.007508261845499686,-1.014146931538118,970856.5908339077
2026-09-30,Sideways,False,988745.9905540036,2.6928016232850496,988743.2977523804,-0.02294627418512224,False,22620.44921875,23343.55234375,23039.416750354725,23343.55234375,23908.600325520834,24372.848779296874,13.489999771118164,0.0,0.00025682268567663307,2.2797305175847806e-07,0.9997429493412716,0.0,-11254.009445996337,1683.3828953218429,0.0,0,0.0,567.4199829101562,0.0,0.0,12144,374763.8474121094,30.860000610351562,32.925425178703684,-25082.515958068157,7423,202796.35773468018,27.31999969482422,26.98542746339816,2483.5296738756315,0,0.0,272.25,0.0,0.0,0,0.0,12.890000343322754,0.0,0.0,4846,411183.0926055908,84.8499984741211,82.5088971868334,11344.976838196191,0,0.0,90.55000305175781,0.0,0.0,0,0.0,931.6400146484375,0.0,0.0,-0.0011239385186141426,-1.1254009445996416,966764.378150035
2026-10-01,Sideways,False,990836.7519294309,2.6928016232850496,990834.0591278076,-0.0208802367891006,False,22421.94921875,23268.92734375,22927.14992642659,23268.92734375,23887.604986979168,24355.7602734375,14.460000038146973,0.0,0.0003258042174643263,2.848630902471641e-07,0.9996739109194455,0.0,-9163.248070569087,1683.3828953218429,0.0,0,0.0,565.030029296875,0.0,0.0,12144,381078.7098083496,31.3799991607666,32.925425178703684,-18767.653561827923,7423,201237.53453063965,27.110000610351562,26.98542746339816,924.7064698351043,0,0.0,263.6499938964844,0.0,0.0,0,0.0,12.609999656677246,0.0,0.0,4846,408517.81478881836,84.30000305175781,82.5088971868334,8679.69902142373,0,0.0,89.77999877929688,0.0,0.0,0,0.0,931.6400146484375,0.0,0.0,0.002114558638316888,-0.9163248070569119,958280.7831866019
2026-10-05,Sideways,False,986555.5873080777,2.6928016232850496,986552.8945064545,-0.025110775151917324,False,22555.75,23203.0423828125,22859.622667076303,23203.0423828125,23866.556653645832,24339.7490234375,14.779999732971191,0.0,0.00022745265322407252,3.589262866879496e-07,0.9997721884204892,0.0,-13444.412691922236,1683.3828953218429,0.0,0,0.0,565.6099853515625,0.0,0.0,12144,380714.40463256836,31.350000381469727,32.925425178703684,-19131.958737609173,7423,199307.55283164978,26.850000381469727,26.98542746339816,-1005.2752291547639,0,0.0,262.82000732421875,0.0,0.0,0,0.0,12.550000190734863,0.0,0.0,4846,406530.9370422363,83.88999938964844,82.5088971868334,6692.8212748417,0,0.0,90.08999633789062,0.0,0.0,0,0.0,931.6400146484375,0.0,0.0,-0.004320756787650981,-1.3444412691922314,963999.22970507
2026-10-06,Sideways,False,988049.2236281919,2.6928016232850496,988046.5308265686,-0.023634801600042544,False,22776.099609375,23146.96240234375,22844.436656585156,23146.96240234375,23848.8996484375,24324.136767578126,13.609999656677246,0.0,0.000124586666115704,1.102015187107255e-06,0.9998743113186972,0.0,-11950.776371808104,1683.3828953218429,0.0,0,0.0,569.4500122070312,0.0,0.0,12144,378528.4809265137,31.170000076293945,32.925425178703684,-21317.88244366386,7423,202647.89433670044,27.299999237060547,26.98542746339816,2335.066275895895,0,0.0,264.6099853515625,0.0,0.0,0,0.0,12.630000114440918,0.0,0.0,4846,406870.1555633545,83.95999908447266,82.5088971868334,7032.039795959864,0,0.0,89.94000244140625,0.0,0.0,0,0.0,909.1500244140625,0.0,0.0,0.0015139910404742274,-1.1950776371808192,973416.6444974539
2026-10-07,Sideways,False,987010.0081588315,2.6928016232850496,987007.3153572083,-0.02466172798554836,False,22603.05078125,23088.157421875,22800.548315615128,23088.157421875,23829.7033203125,24306.917275390624,13.890000343322754,0.0,0.00016686139952257616,8.39599589396312e-07,0.999832299000888,0.0,-12989.991841168456,1683.3828953218429,0.0,0,0.0,569.4500122070312,0.0,0.0,12144,378528.4809265137,31.170000076293945,32.925425178703684,-21317.88244366386,7423,201608.6788673401,27.15999984741211,26.98542746339816,1295.8508065355436,0,0.0,264.6099853515625,0.0,0.0,0,0.0,12.630000114440918,0.0,0.0,4846,406870.1555633545,83.95999908447266,82.5088971868334,7032.039795959864,0,0.0,89.94000244140625,0.0,0.0,0,0.0,905.739990234375,0.0,0.0,-0.001051785118097892,-1.2989991841168447,966020.7947911101
2026-10-08,Sideways,False,964486.4015971707,2.6928016232850496,964483.7087955475,-0.04691898507695611,False,22238.94921875,23018.34990234375,22698.439388912375,23018.34990234375,23807.9859765625,24287.975517578125,15.194999694824219,0.0,0.00036433039692699545,2.9713679512052553e-07,0.9996353724662779,0.0,-35513.59840282922,1683.3828953218429,0.0,0,0.0,565.9500122070312,0.0,0.0,12144,377071.1907348633,31.049999237060547,32.925425178703684,-22775.17263531425,7423,197600.26622962952,26.6200008392334,26.98542746339816,-2712.5618311750277,0,0.0,255.32000732421875,0.0,0.0,0,0.0,12.0,0.0,0.0,4846,389812.2518310547,80.44000244140625,82.5088971868334,-10025.863936339942,0,0.0,87.38999938964844,0.0,0.0,0,0.0,882.0399780273438,0.0,0.0,-0.022820038677901833,-3.5513598402829305,950459.6351850489
